{
	 "rootnode": {
		 "name": "Scene"
		,"transformation": [
			 1
			,0
			,0
			,0
			,0
			,0
			,1
			,0
			,0
			,-1
			,0
			,0
			,0
			,0
			,0
			,1
		]
		,"children": [
			{
				 "name": "Camera"
				,"transformation": [
					 0.68588
					,-0.31737
					,0.654862
					,7.48113
					,0.727634
					,0.312469
					,-0.610666
					,-6.50764
					,-0.0108168
					,0.895343
					,0.445245
					,5.34367
					,0
					,0
					,0
					,1
				]
			}
			,{
				 "name": "Lamp"
				,"transformation": [
					 -0.290865
					,-0.771101
					,0.566393
					,4.07624
					,0.955171
					,-0.199883
					,0.218391
					,1.00545
					,-0.0551891
					,0.604525
					,0.794672
					,5.90386
					,0
					,0
					,0
					,1
				]
			}
			,{
				 "name": "Cube"
				,"transformation": [
					 0.15
					,0
					,0
					,0.150006
					,0
					,1
					,0
					,0
					,0
					,0
					,1
					,0.294823
					,0
					,0
					,0
					,1
				]
				,"meshes": [
					 0
				]
			}
		]
	}
	,"flags": 8
	,"meshes": [
		{
			 "name": "Cube.001"
			,"materialindex": 0
			,"primitivetypes": 4
			,"vertices": [
				 -1.04493
				,1.05889
				,0.39196
				,-1.00136
				,0.601246
				,-1.00177
				,-0.993471
				,0.597446
				,0.789337
				,0.991533
				,1.00694
				,0.400995
				,-0.953097
				,0.952446
				,-1.01817
				,0.950035
				,-1.02577
				,0.453604
				,1.02885
				,-0.565871
				,-0.987743
				,0.959577
				,-0.644492
				,0.809314
				,-0.980819
				,-1.08383
				,0.413458
				,0.949385
				,-0.960378
				,-1.03513
				,0.962029
				,1.01082
				,-1.05967
				,1.02308
				,0.593309
				,-1.03175
				,1.00432
				,0.541865
				,0.760317
				,-0.984813
				,-0.616644
				,0.852204
				,0.957127
				,-0.181795
				,1.01883
				,-0.977509
				,0.111155
				,0.988157
				,-1.00095
				,-0.185449
				,0.992673
				,1.03556
				,0.183255
				,1.01225
				,-0.993714
				,-0.647269
				,-1.06047
				,-0.987835
				,-0.991578
				,-0.991462
				,0.936219
				,-0.177796
				,-1.06833
				,-0.988951
				,0.189205
				,-0.999092
				,-1.01477
				,-0.165032
				,-1.02033
				,0.991328
				,0.21073
				,-0.97062
			]
			,"normals": [
				 -0.650813
				,0.696836
				,0.301434
				,-0.720868
				,-0.00335711
				,-0.693065
				,-0.666267
				,0.36321
				,0.651281
				,0.610046
				,0.717992
				,0.33516
				,-0.520206
				,0.58097
				,-0.625987
				,0.604551
				,-0.734318
				,0.3087
				,0.801423
				,0.00793487
				,-0.598046
				,0.677544
				,-0.403779
				,0.614733
				,-0.610811
				,-0.73768
				,0.287643
				,0.523926
				,-0.571476
				,-0.631599
				,0.508394
				,0.603035
				,-0.614724
				,0.715771
				,-0.0571322
				,-0.695994
				,0.688905
				,0.444692
				,0.572414
				,-0.650882
				,-0.40209
				,0.643954
				,0.628148
				,-0.209789
				,0.749279
				,-0.649213
				,0.179119
				,0.739215
				,-0.688022
				,-0.0925643
				,0.719762
				,0.685913
				,0.177437
				,0.705719
				,-0.679537
				,-0.0619231
				,-0.731023
				,-0.589178
				,-0.615974
				,-0.52292
				,0.625828
				,0.0432763
				,-0.77876
				,-0.705714
				,0.0431839
				,-0.707179
				,-0.73212
				,0.0578945
				,-0.678711
				,0.756018
				,-0.0555141
				,-0.652192
			]
			,"faces": [
				[
					 0
					,1
					,2
				]
				,[
					 3
					,4
					,0
				]
				,[
					 0
					,4
					,1
				]
				,[
					 3
					,0
					,2
				]
				,[
					 3
					,2
					,12
				]
				,[
					 2
					,21
					,15
				]
				,[
					 12
					,2
					,15
				]
				,[
					 2
					,1
					,21
				]
				,[
					 3
					,11
					,10
				]
				,[
					 3
					,10
					,4
				]
				,[
					 3
					,12
					,11
				]
				,[
					 1
					,4
					,10
				]
				,[
					 1
					,10
					,11
				]
				,[
					 12
					,23
					,11
				]
				,[
					 1
					,11
					,23
				]
				,[
					 1
					,23
					,21
				]
				,[
					 14
					,23
					,17
				]
				,[
					 21
					,23
					,20
				]
				,[
					 12
					,17
					,23
				]
				,[
					 14
					,20
					,23
				]
				,[
					 12
					,15
					,17
				]
				,[
					 14
					,17
					,15
				]
				,[
					 14
					,15
					,16
				]
				,[
					 16
					,15
					,21
				]
				,[
					 14
					,13
					,7
				]
				,[
					 7
					,20
					,14
				]
				,[
					 14
					,16
					,13
				]
				,[
					 18
					,20
					,6
				]
				,[
					 21
					,20
					,22
				]
				,[
					 18
					,22
					,20
				]
				,[
					 7
					,6
					,20
				]
				,[
					 5
					,6
					,7
				]
				,[
					 5
					,7
					,13
				]
				,[
					 5
					,9
					,6
				]
				,[
					 18
					,6
					,9
				]
				,[
					 8
					,9
					,5
				]
				,[
					 5
					,13
					,8
				]
				,[
					 18
					,9
					,19
				]
				,[
					 8
					,19
					,9
				]
				,[
					 8
					,18
					,19
				]
				,[
					 8
					,13
					,18
				]
				,[
					 13
					,22
					,18
				]
				,[
					 13
					,16
					,22
				]
				,[
					 16
					,21
					,22
				]
			]
		}
	]
	,"materials": [
		{
			 "properties": [
				{
					 "key": "$clr.diffuse"
					,"semantic": 0
					,"index": 0
					,"type": 1
					,"value": [
						 0.6
						,0.6
						,0.6
					]
				}
				,{
					 "key": "?mat.name"
					,"semantic": 0
					,"index": 0
					,"type": 3
					,"value": "DefaultMaterial"
				}
			]
		}
	]
	,"lights": [
		{
			 "name": "Lamp"
			,"type": 2
			,"attenuationconstant": 1
			,"attenuationlinear": 0
			,"attenuationquadratic": 0.00111109
			,"diffusecolor": [
				 1
				,1
				,1
			]
			,"specularcolor": [
				 1
				,1
				,1
			]
			,"ambientcolor": [
				 1
				,1
				,1
			]
			,"position": [
				 0
				,0
				,0
			]
		}
	]
	,"cameras": [
		{
			 "name": "Camera"
			,"aspect": 1.77778
			,"clipplanefar": 100
			,"clipplanenear": 0.1
			,"horizontalfov": 0.857556
			,"up": [
				 0
				,1
				,0
			]
			,"lookat": [
				 0
				,0
				,-1
			]
		}
	]
}
